Edad;HorasEstudioxDia;HoraDescansoxDia;HorasFrentePantalla;HorasGymxSemana;PorcAsistencia;NivelStress;Promedio;Categoria_Rendimiento
17;0.7;4.33;1.83;5.01;71.84;3.69;43.35;Bajo
17;1.69;5.94;6.57;0;70.63;3.48;40.97;Bajo
17;3.05;4.86;6.33;6.84;71.8;6.05;50.42;Bajo
17;3.85;3.48;6.53;3.69;73.87;8.28;49.29;Bajo
17;4.26;4.77;7.49;2.95;77.14;6.94;50.15;Bajo
17;2.09;5.56;3.38;6.26;65.61;2.85;54.18;Bajo
17;3.99;3.46;4.37;0;81.47;7.62;57.76;Bajo
17;4.48;4.95;2.98;8.37;81.24;6.79;53.59;Bajo
17;2.94;5.03;5.36;11.83;71.19;4.56;50.66;Bajo
17;2.64;5.75;7.63;0.91;79.12;3.7;58.79;Bajo
17;2.22;4.39;2.54;6.9;72.24;5.18;48.9;Bajo
17;3.36;6;3.08;5.09;79.01;4.6;52.19;Bajo
17;0.83;8.93;5.97;4.15;58.68;1;53.79;Bajo
17;3.97;5.8;6.17;6.84;80.89;5.83;45.94;Bajo
17;0.81;7.77;4.78;3.39;56.39;1;51.1;Bajo
17;3.8;4.69;7.9;10.38;80.18;6.94;54.03;Bajo
17;0.5;6.07;5.88;17.42;61.42;2.56;65.58;Bajo
17;1.84;6.23;5.34;0;77.3;3.56;56.63;Bajo
17;3;5.5;5.76;4.91;71.99;4.53;55.57;Bajo
17;4.64;5.48;4.91;3.36;79.93;7.38;61.73;Bajo
17;2.17;4.53;6.42;10.33;68.66;4.15;55.27;Bajo
17;6.12;4.87;3.37;8.61;87.38;7.7;56.38;Bajo
17;2.65;6.03;4.26;1.87;61.8;2.73;57.09;Bajo
17;3.69;6.18;1;6.57;78.48;4.85;59.42;Bajo
17;0.5;7.07;3.49;8.46;54.66;2.48;56.34;Bajo
17;2.8;4.94;4.89;9.58;77.96;6.78;69.6;Bajo
17;3.61;5.75;4.29;8.67;81.8;4.82;62.88;Bajo
17;1.61;6.94;2.37;9.56;63.39;1;54.33;Bajo
17;3.65;5.63;5.22;5.75;75.95;5.13;59.57;Bajo
17;2.19;6.5;2.96;6.92;70.26;2.82;51.25;Bajo
17;2.78;5.52;5.11;5.13;74.83;5.6;58.47;Bajo
17;1.69;7.39;4.86;14.56;67.74;1.74;56.63;Bajo
17;3.5;6.25;5.26;8.3;69.45;5.72;59.73;Bajo
17;4.47;5.94;3.9;4.65;71.71;6.12;61.34;Bajo
17;4.54;7.85;5.36;3.05;86.24;6.53;61.51;Bajo
17;4.13;5.02;3.6;11.17;89.44;6.9;55.36;Bajo
17;3.67;5.59;6.72;18.77;73.24;5.85;52.64;Bajo
17;2.01;5.89;4.6;16.69;66.01;4.24;62.89;Bajo
17;2.49;7.08;1.11;7.64;62.68;3.53;63.69;Bajo
17;3.49;6.06;3.71;12.18;79.32;4.48;59.41;Bajo
17;3.51;6.2;1;0;73.66;3.54;63.09;Bajo
17;6.88;5.24;1;8.48;93.69;10;62.89;Bajo
17;2.35;5.61;7.33;8.62;83.25;3.94;55.16;Bajo
17;3.38;5.19;8.77;2.08;78.85;5.59;64.37;Bajo
17;3.02;6.29;4.17;3.68;74.46;4.72;48.65;Bajo
17;4.62;5.83;8.98;11.21;90.61;5.97;61.26;Bajo
17;4.17;4.74;4.19;6.19;76.97;6.23;65.07;Bajo
17;2.78;8.47;2.81;5.19;74.19;1;55.87;Bajo
17;2.74;6.62;4.92;0;69.11;2.27;59.56;Bajo
17;2.96;6.11;1.47;3.43;77.22;4.76;63.6;Bajo
17;3.54;6.41;5.06;8.23;74.13;4.16;58.24;Bajo
17;3.51;5.72;5.58;9.21;80.22;5.3;61.14;Bajo
17;6.54;6.34;3.68;8.37;89.74;6.77;61.43;Bajo
17;1.57;7.87;3.96;8.49;68.43;1;62.06;Bajo
17;2.76;6.56;7.06;10.77;71.03;3.68;61.33;Bajo
17;4.95;6.52;2.34;6.09;89.9;6.51;61.24;Medio
17;3.99;4.98;5.13;13.87;73.75;5.41;57.53;Medio
17;6.46;4.37;3.69;0;95.92;10;58.38;Medio
17;3.73;6.02;6.06;12.74;74.13;5.24;72.44;Medio
17;5.25;5.7;3.46;6;82.34;6.32;56.98;Medio
17;4.06;5.25;5.69;3.3;78.55;4.89;59.38;Medio
17;2.99;6.55;4.74;3.97;76.31;3.46;59.99;Medio
17;3.8;5.79;5.27;13.96;75.16;6.31;67.93;Medio
17;5.56;5.46;6.44;5.78;85.51;6.95;72.45;Medio
17;3.19;7.67;6.57;10.53;82.78;3.19;62.98;Medio
17;4.23;5.38;7.39;11.68;81.73;6.46;61.88;Medio
17;3.8;6.39;6.74;9.08;85.3;5.04;65.3;Medio
17;6.28;6.01;5.83;6.68;90.47;7.27;71.9;Medio
17;5.3;6.3;4.85;16;77.64;4.57;51.34;Medio
17;3.75;6.23;5.08;10.9;77.99;4.64;71.85;Medio
17;3.3;6.21;4.37;11.93;72.46;5.41;66.92;Medio
17;4.45;5.96;5.36;7.86;84.58;5.27;58.93;Medio
17;5.31;5.9;2.42;10.75;81.3;7.59;66.73;Medio
17;6.51;6.94;2.4;7.63;89.56;8.9;66.42;Medio
17;4.53;6.09;8.54;8.88;84.84;5.11;69.57;Medio
17;7.06;4.25;5.02;2.41;87.36;9.15;65.65;Medio
17;2.57;7.83;8.36;7.22;67.35;1.72;66.64;Medio
17;4.47;6.38;3.79;5.99;81.15;5.66;66.63;Medio
17;2.46;6.87;1.49;4.48;72.84;2.74;63.53;Medio
17;2.59;8.14;6;6.94;72.65;1.44;61.57;Medio
17;4.47;5.6;7.23;3.45;85.13;6.01;66.67;Medio
17;4.99;4.75;4.86;11.81;82.45;6.22;67.77;Medio
17;4.04;5.21;2.6;0;86.51;4.05;62.58;Medio
17;3.56;6.76;5.5;8.59;87.25;3.6;58.99;Medio
17;3.08;5.89;3.84;11.53;69.92;3.02;66.21;Medio
17;2.01;8.14;5.13;6.84;68.06;1;59.52;Medio
17;4.07;6.16;6.76;12.86;86.21;3.48;63.24;Medio
17;4.31;5.42;6.55;1.98;84.64;5.51;76.7;Medio
17;3.16;8.29;3.56;0;67.86;3.97;59.33;Medio
17;4.28;5.74;7.26;8.64;84.12;5.09;57.08;Medio
17;1.56;6.78;4.7;8.29;67.58;1.24;70.14;Medio
17;5.1;5.99;4.28;10.13;89.71;4.42;56.83;Medio
17;5.44;4.8;6.8;7.81;85.17;7.59;66.75;Medio
17;2.4;6.24;3.52;17.01;69.51;2.96;64.68;Medio
17;4.71;6.03;4.41;0;85.68;6.35;67.3;Medio
17;2.37;7.27;3.16;6.64;72.21;1;69.14;Medio
17;5.16;4.55;3.46;16.44;84.39;5.27;65.28;Medio
17;3.69;6.11;9.27;0;75.98;2.87;74.95;Medio
17;6.28;5.83;4.94;11.87;97.32;8.16;74.25;Medio
17;3.62;5.95;3.39;12.37;74.57;4.1;68.43;Medio
17;3.71;7.29;5.22;15.22;72.21;3.89;70.54;Medio
17;6.67;6.78;5.26;7.24;88.77;8.8;73.09;Medio
17;2.18;7.05;3.7;0;76.34;1;71.14;Medio
17;4.12;8.25;5.09;10.57;85.2;3.47;68.17;Medio
17;4.69;6.16;4.83;9.14;92.59;4.82;71.8;Alto
17;4.46;6.47;9.02;12.26;78.59;3.95;72.52;Alto
17;4.02;6.55;3.88;2.86;89.29;4.19;66.97;Alto
17;2.2;8.79;7.28;3.82;78.19;1;63.17;Alto
17;3.47;8.43;1;13.75;71.94;1.83;70.33;Alto
17;6.17;6.71;6.7;9.33;92.05;6.03;72.07;Alto
17;3.1;8.81;1;3.93;79;1.74;80.82;Alto
17;5.52;6.46;4.11;0;90.54;6.67;74.42;Alto
17;4.35;8.43;1.02;9.78;85.65;2.81;70.77;Alto
17;6.34;8.27;6.15;6.68;85.18;5.2;68.22;Alto
17;4.19;7.28;5.84;10.78;81.57;4.17;60.14;Alto
17;5.73;6.16;4.25;0;92.13;6.9;71.59;Alto
17;3.92;5.52;4.97;5.28;74.1;4.32;72.28;Alto
17;2.63;8.02;4.31;0;74.52;1.23;74;Alto
17;4.43;8.3;8.77;5.15;88.79;2.67;73.98;Alto
17;7.33;5.71;1.35;7.51;99.76;8.89;72.58;Alto
17;5.63;6.43;6.38;7.03;85.59;7.3;75.72;Alto
17;3.88;7.2;4.36;2.33;81.97;1.71;81.64;Alto
17;5.93;7.34;10.5;8.3;93.96;5.02;79.53;Alto
17;4.92;8.45;5.42;5.03;82.71;4.53;72.02;Alto
17;4.05;8.06;4.93;11.37;84.3;3.81;74.19;Alto
17;7.42;5.92;4.12;14.08;100;9.53;70.69;Alto
17;5.29;6.82;3.34;0.73;87.49;6.55;73.47;Alto
17;3.61;6.78;7.68;2;82.53;2.19;72.21;Alto
17;4.36;9.58;6.98;1.32;85.07;2.05;68.22;Alto
17;4.49;8.55;3.03;10.58;70.12;1.71;79.4;Alto
17;4.09;8.03;6.31;5;85.13;3.73;74.04;Alto
17;5.88;6.93;4.96;1.01;95.33;5.66;80.02;Alto
17;3.65;8.28;3.41;7.03;75.23;1;79.03;Alto
17;6.56;8.52;7.33;8.44;90.21;5.16;77.59;Alto
17;5.09;7.79;5.64;4.02;91.17;3.8;84.6;Alto
17;6.87;7.92;2.21;18.13;95.26;5.4;90.39;Alto
18;3.24;4.18;5.89;15.94;82.36;7.49;53.69;Bajo
18;1.47;4.8;5.53;3.78;66.9;3.51;56.7;Bajo
18;2.91;7.48;2.94;5.62;71.14;4.84;50.53;Bajo
18;5.67;5.75;7.47;8.84;89.26;7;64.97;Bajo
18;3.16;5.42;1.37;12.01;81.38;5.07;57.19;Bajo
18;3.59;5.93;5.64;9.78;76.97;4.95;49.65;Bajo
18;1.11;7.24;7.74;3.86;61.18;1;52.5;Bajo
18;2.08;4.83;1.08;12.56;64.36;4.7;43.02;Bajo
18;1.98;7.31;6.68;15.52;73.66;2.65;56.8;Bajo
18;2.93;7.41;8.38;13.99;72.92;2.33;46.38;Bajo
18;4.58;4.18;7.51;11.5;84.56;7.44;65.96;Bajo
18;3.07;5.14;3.29;0.85;76.2;4.28;55.29;Bajo
18;2.79;5.56;1.78;5.63;75;4.78;57.21;Bajo
18;5.16;5.19;1.67;2.59;91.21;7.33;55.82;Bajo
18;2.12;6.76;4.35;5.03;70.77;2.14;55.1;Bajo
18;2.23;7.4;4.13;3.62;71.75;2.34;51.91;Bajo
18;1.99;6.42;7.78;0.53;68.42;1.06;51.43;Bajo
18;5.42;5.3;2.77;17.09;89.89;7.38;53.34;Bajo
18;2.67;7.47;2.97;2.98;72.75;3.08;56.68;Bajo
18;3.75;5.58;4.15;4.39;74.69;3.14;56.37;Bajo
18;2.49;5.19;3.51;12.83;69.89;4.71;54.09;Bajo
18;3.07;6.16;5.58;2.59;72.4;4.62;62.43;Bajo
18;5.52;5.44;1.14;6.97;87.81;8.01;61.37;Bajo
18;2.4;7.34;3.98;7.36;74.74;3.91;61.88;Bajo
18;3.61;6.93;1.28;0;81.06;2.85;59.12;Bajo
18;3.43;6.95;6.51;7.62;81.48;4.06;65.39;Bajo
18;6.44;5.34;5.39;8.77;91.57;9.57;59.99;Bajo
18;4.68;5.7;3.38;11.59;77.65;4.92;64.02;Bajo
18;3.93;6.51;7.37;2.81;96.74;4.19;65.09;Bajo
18;3.72;6.24;1.76;6.99;73.05;4.33;62.06;Medio
18;4.41;5.99;6.12;7.27;77.19;5.05;62.79;Medio
18;2.31;7.45;4.74;19.91;67.5;2.36;53.51;Medio
18;1.82;5.65;4.14;2.07;78.86;1;60.34;Medio
18;4.98;6.69;2.23;6.06;86.66;6.57;65.04;Medio
18;2.27;8.11;1;12.24;74.14;2.76;56.64;Medio
18;2.03;6.58;4.37;8.42;70.17;1.36;64.81;Medio
18;3.46;6.6;4.98;7.68;82.76;4.01;57.89;Medio
18;5.03;6.75;6.44;3.32;82.64;5.47;57.95;Medio
18;4.22;6.13;5.68;14.3;81.77;5.18;68.15;Medio
18;4.44;6.9;6.43;6.73;91.36;5.56;61.43;Medio
18;2.97;8.31;3.17;14.08;72.27;1.88;61.52;Medio
18;3.28;6.27;7.44;2.95;72.57;3.4;65.81;Medio
18;3.35;6.07;6.84;2.49;72.04;3.14;61.76;Medio
18;3.94;6.47;1;0;88.49;3.74;60.93;Medio
18;1.97;8.43;7.46;15.93;64.64;1;63.35;Medio
18;5.63;6.21;7.02;8.11;84.08;7.18;68.55;Medio
18;3.19;6.11;6.84;5.13;76.53;2.94;63.99;Medio
18;1.46;6.86;2.77;7.77;69.04;1.1;64.59;Medio
18;4.87;6.75;4.18;14.37;77.8;5.9;67.46;Medio
18;3.89;7.83;5.7;3.76;75.83;3.24;62.63;Medio
18;3.7;6.46;3.67;0;85.02;3.92;67.61;Medio
18;3.14;5.6;1;16.79;66.69;4.02;70.02;Medio
18;3.57;7.24;8.94;0;68.55;1;66.82;Alto
18;6.22;7.34;2.43;17.97;99.81;6.4;63.83;Alto
18;4.36;6.85;4.85;11.66;89.29;4.15;75.39;Alto
18;2.9;7.01;3.06;9.13;77.79;1.95;78.29;Alto
18;3.64;8.32;6.54;7.17;77.07;1.67;81.28;Alto
18;5.08;7.3;6.51;8.73;85.3;2.9;69.52;Alto
18;3.83;6.38;4.74;11.84;90.59;4.4;68.57;Alto
18;2.2;7.81;5.14;15.45;64.3;2.25;68.03;Alto
18;5.99;6.21;3.47;6.29;85.92;7.67;65.43;Alto
18;5.01;6.07;3.93;12.41;83.73;4.83;74.49;Alto
18;4.95;6.69;4.52;3.72;93.65;5.15;82.76;Alto
18;4.61;6;4.2;4.82;85.54;4.49;70.23;Alto
18;5.8;6.25;6.35;20.43;87.97;4.95;76.48;Alto
18;5.82;6.25;5.31;16.42;93.51;5.99;70.8;Alto
18;5.32;6.44;6.89;0;91.04;4.8;72.23;Alto
18;5.29;6.8;1;11.48;72.01;6.75;73.42;Alto
18;4.12;8.02;7.89;21;78.89;2.8;77.95;Alto
18;4.94;6.5;9.44;11.76;92.69;5.1;76.48;Alto
18;3.45;8.32;7.28;16.78;80.21;1;71.98;Alto
18;5.43;7.49;6.11;16.48;86.59;5.72;81.35;Alto
18;5.61;6.63;2.99;5.04;98.41;4.98;82.35;Alto
18;4.09;7.61;5.31;4.33;86.22;3.02;80.94;Alto
18;4.84;7.44;7.39;11.36;87.72;4.17;78.25;Alto
18;4.44;7.03;5.12;8.33;88.43;3.33;84.94;Alto
18;5.74;7.76;6.27;5.17;94.98;4.56;70.35;Alto
18;4.6;7.16;7.48;10.28;82.38;3.9;85.35;Alto
18;2.48;9.03;6.48;8.91;72.17;1;71.81;Alto
18;5.11;8.72;3.17;9.68;88.47;4.74;73.12;Alto
18;5.5;7.28;6.07;5.57;85.6;5.82;80.61;Alto
18;5.1;7.75;7.3;10.77;85.32;4.91;70.96;Alto
18;4.45;7.48;2.6;2.04;83.58;4.48;77.59;Alto
18;5.86;6.96;1.39;16.37;92.75;5.51;85.92;Alto
18;3.89;7.96;4.82;4.91;76.78;3.21;79.46;Alto
18;4.26;7.17;3.56;5.26;80.83;3.98;71.3;Alto
18;4.7;6.71;6.19;10.78;77.94;6.54;75.19;Alto
18;3.83;8.79;2.94;1.33;80.21;2.09;79.5;Alto
18;4.3;8.56;1.42;10.46;81.73;3.26;92.4;Alto
18;6;8;5.43;6.55;86.45;6.2;86.55;Alto
18;7.82;7.49;4.53;18.76;96.78;7.6;79.58;Alto
18;2.93;9.03;5.87;11.08;70.17;1;80.69;Alto
18;5.54;8.05;5.43;14.37;83.47;3.85;84.65;Alto
19;1.01;6.11;6.36;0.85;71.94;3.28;50.89;Bajo
19;1.39;6.99;7.75;9.94;69.22;2.15;43.06;Bajo
19;2.94;4.37;3.06;9.75;76.11;6.05;54.21;Bajo
19;1.66;7.77;4.83;6.29;71.45;3.17;56.75;Bajo
19;2.32;3.9;7.85;4.42;55.35;6.2;52.81;Bajo
19;2.38;5.28;1.53;7.88;83.18;3.41;57.45;Bajo
19;2.96;6.43;3.36;10.46;66.44;4.38;54.09;Bajo
19;2.26;4.85;8.32;4.33;67.36;5.19;50.79;Bajo
19;3.7;4.76;2.51;15.43;71.79;6.06;54.12;Bajo
19;2.47;5.83;6.37;6.87;71.95;3.55;61.43;Bajo
19;4.99;6.5;4.06;2.41;90.11;8.02;56.86;Bajo
19;2.71;5.83;6.3;13.71;81.12;5.04;60.53;Bajo
19;2.32;7.15;2.53;5.57;66.13;2.88;58.74;Bajo
19;5.1;4.79;9.7;1.08;88.9;8.16;53.45;Bajo
19;3.42;6.64;1.02;6.08;75.78;4.13;61.49;Bajo
19;5.63;5.2;2.18;11.54;74.6;8.85;71.65;Bajo
19;3.79;5.86;1.89;1.85;81.78;5.32;60.25;Bajo
19;3.55;5.49;2.87;8.97;79.89;5.19;59.05;Bajo
19;6.4;3.61;3.87;18.54;89;9.73;57.05;Bajo
19;2.4;5.69;2.88;8.6;70.68;2.51;51.21;Bajo
19;3.33;5.83;6.52;5.34;77.59;4.05;60.54;Bajo
19;2.17;6.8;7.7;8.25;68.34;4.58;50.74;Bajo
19;0.5;6.65;6.57;5.65;65.67;1;60.14;Bajo
19;4.21;6.49;4.03;10.89;77.87;5.54;55.38;Bajo
19;3.35;6.43;3.86;12.15;73.79;4.79;53.33;Bajo
19;1.97;5.43;4.28;5.77;75.92;4.11;57.06;Bajo
19;1.57;7.27;6.76;10.22;68.65;2.28;61.57;Bajo
19;1.39;6.39;4.35;4.08;70.16;1.15;57.69;Bajo
19;5.97;6.08;3.42;3.88;83.76;8.35;60.26;Bajo
19;3.99;5.91;7.34;3.42;75.54;7.61;60.43;Bajo
19;4.87;6.44;3.04;7.73;80.21;6.78;65.48;Bajo
19;6;6.32;4.33;13.82;82.3;9.29;65.82;Bajo
19;3.68;4.57;1.96;11.84;83.05;6.85;48.48;Bajo
19;3.59;6.93;6.03;2.51;79.2;3.15;56.1;Bajo
19;4.41;6.09;6.84;10.82;69.07;4.89;61.87;Bajo
19;4.37;5.93;7.23;9.74;75.7;4.29;60.77;Bajo
19;4.59;5.81;5.33;17.09;84.92;6.68;62.77;Bajo
19;3.64;6.38;2.58;11.83;75.63;4.54;71;Bajo
19;1.51;7.74;3;5.07;68.83;1.93;58.64;Bajo
19;2.51;5.23;5.26;4.81;67.45;2.73;64.52;Bajo
19;2.55;5.97;4.63;10.91;76.9;3.86;63.71;Medio
19;3.56;4.84;5.74;5.6;79.14;5.35;62.9;Medio
19;3.08;8.11;4.17;11.72;84.02;3.1;70.86;Medio
19;2.92;6.91;5.18;18.39;71.38;3.84;52.08;Medio
19;5.1;6.11;4.27;3.93;88.81;6.59;65.72;Medio
19;1.86;6.74;4.9;7.45;73.71;1.42;69.78;Medio
19;5.7;4.88;3.4;0.38;85.13;7.79;66.43;Medio
19;2.33;7.56;4.68;0;82.29;2.99;59.88;Medio
19;3.99;6.45;1.91;15.37;88.66;5.95;64.37;Medio
19;2.45;6.21;4.73;15.22;66.98;1;63.98;Medio
19;3.35;7.29;5.58;13.02;73.6;3.71;64.49;Medio
19;4.17;7.36;4.76;3.31;76.34;4.25;62.96;Medio
19;4.83;5.81;6.62;4.65;81.77;4.33;51.48;Medio
19;3.66;5.58;7.26;9.75;74.69;4.36;62.43;Medio
19;3.93;5.33;5.4;7.14;70.99;4.48;65.99;Medio
19;3.31;7.89;4.65;1.89;75.28;1.66;62.07;Medio
19;3.01;7.25;5.07;13.89;80.43;3.28;64.4;Medio
19;2.29;8.99;2.19;6;66.22;1;69.16;Medio
19;3.31;6.94;5.35;6.6;76.08;4.54;57.75;Medio
19;5.24;7.91;3.73;4.74;85.49;4.89;53.97;Medio
19;5.91;6.97;3.48;14.92;94.6;6.32;70.31;Medio
19;3.74;5.5;1;10.62;79.96;5.31;66.17;Medio
19;4.41;6.87;3.81;8.14;80.51;4.9;70.92;Medio
19;4.93;6.88;1.28;0.46;80.24;5.78;70.44;Medio
19;2.59;6.66;4.26;6.01;67.54;2.64;69.4;Medio
19;3.58;6.83;6.34;7.35;71.71;4.41;58.99;Medio
19;4.39;5.54;6.65;6.53;84.29;5.22;65.09;Medio
19;6.14;6.51;5.97;11.74;87.98;7.4;71.9;Medio
19;4.93;6.42;3.63;9.03;86.72;6.42;75.04;Medio
19;4.63;6.19;5.21;8.89;88.96;6.19;66.65;Medio
19;3.03;5.45;4.56;21;70.43;4.31;63.66;Medio
19;5.97;7.02;3.04;13.17;85.84;5.75;63.65;Medio
19;4.67;6.48;1;0;79.28;6.07;64.56;Medio
19;3.31;6.62;5.39;1.24;68.7;4.49;56.02;Medio
19;5.36;5.5;7.56;10.52;79.48;7.21;69.64;Medio
19;3.63;5.77;7.48;2.42;76.74;2.85;68.37;Medio
19;5.28;5.46;4.46;5.82;78.58;5.48;77.33;Medio
19;5.14;5.83;2.14;3.06;90.04;4.64;71.31;Medio
19;2.15;6.72;4.72;8.07;63.87;1;69.28;Medio
19;6.46;5.98;4.65;10.44;88.82;6.95;65.68;Medio
19;2.31;6.93;5.84;12.16;71.38;1.98;72.87;Alto
19;3.78;6.83;4.22;15.99;83.97;3.22;70.93;Alto
19;5.91;5.98;1.41;21;84.56;5.78;68.51;Alto
19;2.35;8.3;7.18;1.91;67.01;1.22;68.44;Alto
19;3.16;6.01;7.63;5.43;73.47;5.09;70.43;Alto
19;5.21;5.07;7.51;7.88;89.14;4.14;69.42;Alto
19;4.28;9.06;5.45;0;86.18;2.54;77.16;Alto
19;6.35;6.05;6.03;11.5;90.6;6.66;77.27;Alto
19;5.8;6.9;7.52;6.89;82.72;4.89;69.26;Alto
19;5.14;7.38;6.98;1.49;89.68;3.41;76.49;Alto
19;5.28;5.72;4.41;9.23;86.68;5.26;71.21;Alto
19;2.83;8.54;6.36;6.42;75.71;1.48;69.64;Alto
19;4.8;7.43;4.69;13.38;86.23;4.14;59.83;Alto
19;2.81;7.79;7.66;4.32;74.4;2.44;71.24;Alto
19;5.44;6.81;7.02;14.72;88.69;4.99;69.92;Alto
19;7.55;4.94;7.12;0;100;8.05;78.57;Alto
19;5.19;6;4.92;8.19;86.12;4.17;63.62;Alto
19;2.77;7.19;5.36;8.84;67.33;3.27;85.99;Alto
19;5.04;9.42;4.98;14.1;79.64;1.98;80.3;Alto
19;5.87;8.14;2.98;2.76;86.15;5.12;67.91;Alto
19;4.31;8.3;4.95;11.94;76.63;1.82;68.55;Alto
19;4.35;7.53;4.15;0.31;72.37;2.47;76.5;Alto
19;6.31;7.02;4.31;11.41;93.74;6.35;71.15;Alto
19;3.91;8.05;5.08;4.18;79.65;2.6;74.55;Alto
19;5.03;8.25;6.13;5.51;86.32;4.62;73.1;Alto
19;4.86;7.37;4.33;6.29;75.29;4.32;81.36;Alto
19;4.7;6.69;1.92;1.55;78.13;2.7;74.92;Alto
19;5.73;6.6;8.17;14.32;78.9;6.1;77.24;Alto
19;2.74;7.43;3.48;2.54;71.22;2.01;85.81;Alto
19;4.65;8.14;4.94;3.64;78.99;3.05;72.27;Alto
19;5.27;8.35;8.11;8.2;86.38;3.1;69.17;Alto
19;4.55;8.88;2.15;5.48;83.17;2.79;84.39;Alto
19;4.8;7.79;4;7.75;85.48;3.02;77.02;Alto
19;3.97;8.62;5.94;13.92;87.06;1;86.79;Alto
19;6.84;7.35;8.58;10.42;95.67;6.81;76.47;Alto
19;7.03;7.18;6.01;4.49;98.82;6.7;87.8;Alto
19;6.82;7.65;4.1;4.18;92.51;5.66;86.64;Alto
19;7.7;7.38;4.49;4.12;89.1;8.38;88.83;Alto
19;7.82;7.76;2.19;13.13;100;5.89;79.26;Alto
19;5.5;6.13;2.12;9.23;90.44;4.86;77.42;Alto
19;7.3;8.57;3.96;8.24;95.88;4.56;89.41;Alto
19;5.71;8.07;2.98;12.96;82.76;3.05;86.69;Alto
20;2.51;3.19;2.87;7.76;69.31;7.89;44.91;Bajo
20;4.02;5.3;7.45;2.77;87.39;7.36;45.77;Bajo
20;3.14;4.72;6.73;1.8;72.45;5.46;48.43;Bajo
20;4.77;4.24;3.07;4.72;84.55;8.54;51.46;Bajo
20;3.46;5.56;3.9;7.19;81.49;4.53;59.33;Bajo
20;5.21;3.41;5.9;1.22;82.63;8.6;44.54;Bajo
20;3.39;5.04;7.22;8.87;84.49;5.98;49.89;Bajo
20;2.95;5.48;7.48;0;68.84;5.29;62.79;Bajo
20;3.69;5.71;6.51;6.55;75.85;5.09;59.29;Bajo
20;3.08;4.52;2.25;11.03;69.66;5.88;47.55;Bajo
20;2.51;5.89;4.76;9.62;58.45;4.13;52.51;Bajo
20;3.43;4.33;6.12;1.18;85.83;6.8;47.44;Bajo
20;2.92;5.36;1.75;12.31;80.96;6.3;63.09;Bajo
20;5.02;7.61;2.66;11.93;86.1;5.52;56.34;Bajo
20;2.7;5.73;5.29;2.91;74.27;5.16;56.72;Bajo
20;5.35;4.27;5.21;4.16;98.81;7.4;60.51;Bajo
20;4.3;5.73;2.07;10.21;86.76;5.05;55.75;Bajo
20;3.96;6.58;4.97;10.22;72.99;4.92;58.08;Bajo
20;6.39;5.19;5.8;0;97.21;9.83;59.58;Bajo
20;3.41;5.61;1.54;0;72.64;4.34;59.71;Bajo
20;4.67;6.46;2.18;1.25;90.69;6.62;65.37;Bajo
20;4.8;5.92;4;7.83;86;3.7;61.95;Bajo
20;4.52;5.21;7.21;11.32;80.17;7.9;62.21;Bajo
20;5.17;4.36;4.25;1.37;81.89;9.29;64.59;Bajo
20;2.4;7.14;6.12;14.27;76.26;1;55.73;Bajo
20;2.04;6.3;5.34;2.72;73.25;4.34;55.85;Bajo
20;4.18;6.06;4.95;4.54;81.17;5.05;71.84;Bajo
20;2.51;6.81;1.98;10.95;74.67;3.85;51.11;Bajo
20;4.17;5.63;3.03;13.07;88.28;5.01;54.2;Bajo
20;4.24;6.04;3.24;6.77;74.86;5.19;69.56;Bajo
20;4.28;5.97;6.23;15.66;83.39;5.74;59.89;Bajo
20;3.71;7.13;3.09;4.75;79.59;5.44;67.94;Bajo
20;4.24;6.18;3.02;0;86.68;6.02;54.58;Bajo
20;4.3;7.95;9.53;4.58;77.76;5.72;64.37;Bajo
20;2.08;7.38;1.13;9.18;70.86;1;58.38;Medio
20;3.61;5.33;8.32;8.98;75.18;5.46;61.39;Medio
20;3.25;5.54;10.84;6.21;76.38;5.33;62;Medio
20;4.42;5.74;2.1;11.79;81.92;3.96;72.41;Medio
20;6.19;5.81;5.11;4.76;88.28;8.11;55.25;Medio
20;7.29;5.39;7.89;7.9;97.32;8.36;64.71;Medio
20;5.06;6.33;4.22;12.17;77.37;6.13;59.55;Medio
20;2.47;6.58;3.89;15.21;72.75;3.57;61.07;Medio
20;3.09;5.9;8.36;11.77;78.99;4.23;69.24;Medio
20;4.95;5.52;6.57;14.83;89.03;6.81;60.88;Medio
20;3.98;5.78;4.47;4.21;75.91;5.73;72.72;Medio
20;4.89;4.95;2.48;6.11;94.27;4.31;61.19;Medio
20;5.97;5.52;3.09;15.61;90.55;6.96;62.52;Medio
20;5.86;6.79;5.62;7.45;89.52;5.54;65.2;Medio
20;4.04;5.03;8.13;15.14;72.65;6.17;59.9;Medio
20;1.43;8.15;3.67;9.81;72.6;1;64.85;Medio
20;5.44;5.2;4.92;5.93;96.58;7.35;74.52;Medio
20;3.18;7.83;6.36;7.95;73.64;2.08;60.92;Medio
20;2.95;5.97;6.36;9.48;71.66;2.39;68.65;Medio
20;5.01;5.62;6.17;3.32;86.96;6.46;66.51;Medio
20;3.36;6.07;4.36;4.11;65.11;4.78;64.31;Medio
20;5;5.54;6.38;4.8;90.27;6.54;75.42;Medio
20;3.85;5.71;7.08;6.96;78.73;5.79;72.52;Medio
20;5.7;5.45;4.23;1.55;92.18;7.87;69.33;Medio
20;6.46;7.57;2.21;21;93.56;7.87;73.69;Medio
20;3.38;5.87;6.02;1.56;79.49;4.64;70.99;Medio
20;5.12;4.92;4.52;20.89;87.01;7.26;68.42;Medio
20;4.86;5.65;10.01;13.63;82.07;6.81;72.46;Medio
20;5.74;5.47;6.76;5;92.52;7.64;71.52;Medio
20;3.59;7.14;1.31;7.06;78.58;3.85;64.35;Medio
20;4.83;5.37;5.52;6.34;77.65;6.86;65.76;Medio
20;2.58;7.63;7.53;0;66.4;1.69;70.52;Medio
20;3.74;6.92;5.08;3.35;82.91;3.3;66.03;Medio
20;2.54;8.12;4.61;7.82;81.98;1;66.33;Medio
20;4.45;7.52;5.07;4.38;87.13;4.99;71.51;Medio
20;3.77;7.78;3.27;10.31;77.85;2.98;63.07;Medio
20;3.25;6.88;3.68;11.63;76.13;3.38;73.97;Medio
20;5.73;8.08;9.86;13.97;87.37;6.06;72.57;Medio
20;2.1;7.55;1;17.85;58.71;1;71.07;Medio
20;4.26;7.62;4.49;0;84.46;4.53;68.56;Medio
20;5.7;8.2;7.43;5.11;83.22;6.11;65.54;Medio
20;3.41;7.64;7.17;12.61;75.95;2.2;73.33;Alto
20;4.04;6.32;7.1;8.67;74.53;5.68;71.69;Alto
20;5.22;7.01;7.12;11.68;86.4;4.83;76.65;Alto
20;5.68;6.03;4.55;4.35;93.46;6.99;70.39;Alto
20;4.46;8.15;1;0.55;78.99;2.83;70.4;Alto
20;4.8;6.95;1;3.28;75.61;4.4;81.88;Alto
20;4.88;6.57;4.68;1.96;79.21;5.38;77.31;Alto
20;4.3;8.12;4.33;8.79;85.5;4.29;66.67;Alto
20;2.4;6.4;1.81;4.98;66.08;2.31;72.98;Alto
20;5.61;7.76;2.77;11.92;90.01;4.82;71.64;Alto
20;5.47;7.64;5.8;1.8;89.21;4.89;80.07;Alto
20;6.92;6.96;4.69;9.51;100;8.64;77.33;Alto
20;5.58;6.75;6.14;6.47;81.92;5.91;67.26;Alto
20;2.33;7.96;4.54;0.86;76.44;1;79.49;Alto
20;4.34;6.87;3.51;17.65;79.78;3.48;83.22;Alto
20;3.57;7.63;5.77;4.05;78.64;1.96;65.91;Alto
20;5;6.46;6.59;10.71;78.88;5.91;76.99;Alto
20;4.75;6.26;6.29;7.96;84.52;4.16;74.03;Alto
20;4.37;7.22;5.18;11.87;83.31;2.4;77.94;Alto
20;4.55;6.86;2.1;11.43;79.3;3.56;75.63;Alto
20;3.16;9.25;6.64;11.01;82.49;1;79.88;Alto
20;5.42;7.22;4.39;16.74;90.75;4.07;76.14;Alto
20;5.96;6.77;2.85;14.9;85.4;6.56;79.48;Alto
20;4.97;7.7;6.12;14.01;85.3;3.22;75.95;Alto
20;5.94;7.47;4.61;8.36;85.82;5.53;80.84;Alto
20;4.55;8.62;6.68;3.02;76.36;1.19;85.46;Alto
20;3.85;9.22;7.14;5.21;74.77;1.79;93.93;Alto
20;8.05;7.34;6.46;0;100;7.55;85.61;Alto
21;1.42;3.51;4.84;5.11;63.67;7.14;40.84;Bajo
21;0.66;4.15;2.05;0;66.41;5.6;35;Bajo
21;0.5;3.46;5.68;10.14;62.19;3.75;39.71;Bajo
21;0.81;4.67;3.76;12.49;61.91;1.83;53.47;Bajo
21;4.21;5.5;4.11;4.04;80.79;7.07;42.64;Bajo
21;4.25;5.51;3.94;2.28;81.51;6.35;48;Bajo
21;3.31;5.51;6.11;17.94;79.34;5.8;54.83;Bajo
21;3.1;4.85;7.21;3.08;68.86;4.79;51.3;Bajo
21;3.42;5.78;3.73;5.67;86.06;5.42;50.73;Bajo
21;1.45;6.07;6.82;0;65.52;1.66;56.29;Bajo
21;2.09;6.06;3.01;5.3;69.38;3.46;50.8;Bajo
21;2.55;6.11;6.39;11.46;78.87;4.52;49.44;Bajo
21;2.07;4.99;3.76;3.63;69.97;5.56;49.77;Bajo
21;4.44;4.38;9.12;4.13;90.04;7.65;53.4;Bajo
21;5.14;5.21;6.08;3.78;80.42;8.29;58.04;Bajo
21;3.29;7;4.48;13.76;85.65;3.59;59.89;Bajo
21;4.87;5.63;7.35;9.34;86.45;6.65;50.7;Bajo
21;3.97;4.83;3.18;6.06;75.64;6.21;48.63;Bajo
21;2.71;6.31;5.63;5.47;70.2;3.91;59.92;Bajo
21;4.23;5.82;1.03;0;77.76;6.78;59.77;Bajo
21;5.1;4.29;4.88;0.79;85.28;7.56;60.34;Bajo
21;2.82;5.91;4.17;5.51;84.62;2.69;61.57;Bajo
21;5.24;6.06;3.38;7.43;86.29;5.59;61.48;Bajo
21;4.12;5.3;6.61;2.99;82.49;5.78;53.97;Bajo
21;4.77;6.44;9.21;0;80.79;5.84;61.25;Bajo
21;4.19;7.37;7.46;7.55;84.34;3.65;63.96;Bajo
21;2.11;6.95;5.38;0.96;79.19;2.56;53.32;Bajo
21;4.49;5.99;5.05;7.23;83.82;6.76;69.84;Bajo
21;4.58;5.79;1.19;2.7;87.72;6.38;64.43;Bajo
21;3.94;6.26;5.46;7.01;79.07;6.78;56.08;Bajo
21;3.54;6.34;5.87;11.26;75.6;4.98;61.61;Bajo
21;3.55;4.29;3.36;6.59;65.47;5.39;58.85;Bajo
21;5.02;6.9;4.92;1.83;90.27;6.36;61.18;Bajo
21;1.25;6.43;4.04;7.05;75.34;1.47;58.79;Bajo
21;2.74;6.28;5.97;7.64;75.15;2.66;61.59;Bajo
21;4.17;6.69;2.72;6.29;74.75;5.54;58.89;Bajo
21;4.24;5.12;6.91;7.96;82.56;6.06;63.68;Bajo
21;1.61;6.45;8.52;6.13;63.57;3.34;60.75;Bajo
21;2.57;7.4;8.2;7.94;75.32;3.21;61.09;Medio
21;4.2;6.42;4.87;9.58;78.13;3.68;67.45;Medio
21;3.28;7;6.5;0.91;75.5;4.59;61.92;Medio
21;6.17;4.73;6.41;1.96;99.34;8.49;61.45;Medio
21;4.6;5.9;6.33;11.27;85.03;6.23;55.86;Medio
21;3.73;5.75;6.14;2.68;75.89;4.89;53.28;Medio
21;5.29;6.78;2.93;3.72;92.9;7.38;62.91;Medio
21;2.67;7.27;5.31;0.45;71.33;1.85;66.85;Medio
21;3.35;5.85;5.94;13.15;81.02;4.26;67.72;Medio
21;4.58;4.18;5.49;8.02;77.74;6.48;61.58;Medio
21;3.35;5.61;1.75;19.41;84.78;4.99;70.27;Medio
21;3.02;6.78;4.98;3.59;72.4;2.76;66.72;Medio
21;2.49;7.06;1.65;14.21;76.19;1.95;63.69;Medio
21;2.46;7.32;3.83;13;70.46;2.4;66.32;Medio
21;2.31;7.41;7.62;11.34;66.16;2.21;67.84;Medio
21;2.97;6.76;2.42;8.21;75.53;1;64.55;Medio
21;4.31;6.14;4.6;11.42;83.47;5.89;70.35;Medio
21;2.09;5.94;5.22;13.02;68.86;2.21;63.68;Medio
21;1.1;8.1;3.38;3;63.43;1;62.35;Medio
21;3.75;5.6;6.27;7.79;75.7;5.5;63.52;Medio
21;5.59;5.65;6.26;11.76;93.86;6.97;59.81;Medio
21;4.23;6.66;2.94;9.26;78.66;4.61;64.22;Medio
21;2.85;7.76;5;21;70.37;1.95;71.42;Medio
21;4.33;5.78;5.74;9.25;88.64;4.54;63.76;Medio
21;5.15;7.01;6.01;14.01;89.96;5.31;67.99;Medio
21;4.95;5.54;3.42;8.65;88.9;5.65;69.92;Medio
21;5.58;6.72;4.68;5.69;89.8;5.31;72.41;Medio
21;3.36;8.06;3.47;4.72;71.18;3.28;62.35;Medio
21;4.04;5.52;4.54;9.5;79.59;6.04;73.18;Medio
21;4.29;8.3;1.84;3.08;82.27;3.49;70.61;Medio
21;4.13;6;7.04;16.93;87.24;5.45;68.88;Medio
21;3.09;8.95;4.41;9.19;76.51;2.16;66.8;Medio
21;3.93;7.87;6.58;1.83;62.3;2.35;64.75;Alto
21;2.64;6.95;7.37;12.95;75.9;1.81;63.86;Alto
21;3.89;7.43;5.14;10.41;74.08;5.48;76.33;Alto
21;6.53;7.14;6.5;0;96.7;5.69;74.14;Alto
21;4.08;6.76;3.6;6.54;91.68;4.18;67.87;Alto
21;5.18;7.19;4.38;12.1;82.15;4.24;72.7;Alto
21;3.11;7.9;6.53;8.42;76.05;1.85;70.49;Alto
21;3.87;7.21;5.43;8.91;84.48;3.94;70.37;Alto
21;5.59;6.24;7.05;6.03;89.87;4.62;71.15;Alto
21;7.12;6.43;5.37;6.25;98.97;8.27;71.72;Alto
21;1.38;7.29;2.47;6.48;61.94;1;75.68;Alto
21;4.07;8.37;5.23;14.22;81.73;2.76;70.11;Alto
21;1.88;7.98;3.42;1.58;77.4;1;71.89;Alto
21;5.63;6.8;6.21;2.06;92.1;6.01;78.62;Alto
21;5.13;7.8;2.49;11.14;83.9;3.07;67.2;Alto
21;5.27;6.99;1.66;1.89;87.17;5.67;75.87;Alto
21;6.58;6.75;4.09;8.23;100;7.56;74.05;Alto
21;2.5;6.45;3.86;1.07;75.89;2.87;73.93;Alto
21;5.41;7.28;7.24;6.14;89.31;5.94;83.74;Alto
21;6.05;5.76;6.38;0;83.62;6.54;74.2;Alto
21;4.4;7;5.04;3.63;88.14;3.72;78.09;Alto
21;5.44;7.31;8;7.34;80.92;5.85;80.19;Alto
21;3.17;7.75;4.13;1.09;74.1;2.21;71.75;Alto
21;5.73;6.57;5.82;8.06;89.03;6.58;75.59;Alto
21;4.53;7.04;3.66;10.48;84.42;5.8;75.36;Alto
21;7.36;6.28;4.51;13.49;94.85;8.92;68.54;Alto
21;5.36;8.22;3.13;7.65;93.43;3.43;80.55;Alto
21;3.27;7.54;5.68;7.16;82.39;2.69;72.69;Alto
21;7.16;4.62;4.44;0.2;89.99;7.45;76.19;Alto
21;3.52;8.94;2.19;8.82;81.83;1.31;71.97;Alto
21;6.35;8.04;6.59;7.24;89.02;5.54;75.89;Alto
21;4.31;8.16;8.68;7.94;76.74;2.46;72.39;Alto
21;2.92;8.38;3.47;4.93;75.4;1;74.33;Alto
21;5.74;6.82;7.13;9.13;89.93;5.65;83.86;Alto
21;6.09;6.73;6.53;0;90.33;5.05;75.25;Alto
21;7.61;5.47;1.72;3.18;92.31;8.3;92.76;Alto
21;5.54;7.03;5.14;16.78;78.52;4.59;69.74;Alto
21;5.71;6.08;1.33;9.32;91.81;5.93;78.02;Alto
21;7.29;7.54;3.75;1.65;99.7;7.84;83.86;Alto
21;5.26;8.22;5.31;15.85;92.92;3.01;92.84;Alto
21;4.57;8.36;7.19;0;75.83;3.49;89.19;Alto
21;5.29;7.7;6.03;4.91;85.98;2.62;86.1;Alto
21;3.88;10;4.28;7.3;79.57;1;85.41;Alto
21;7.05;7.06;4.97;13.92;93.7;5.65;83.48;Alto
21;6.22;6.9;4.68;3.23;90.84;5.59;81.19;Alto
21;5.53;8.18;5.11;4.42;93.51;3.88;85.4;Alto
22;3.25;4.52;6.1;8.62;74.5;8;40.08;Bajo
22;2.38;4.65;7.62;6.17;70.2;5.58;60.19;Bajo
22;0.5;5.45;3.25;6.02;54.7;1.6;44.01;Bajo
22;3.22;7.04;2.88;0;78.04;5.67;51.74;Bajo
22;3.68;4.84;4.4;5.65;71.07;7.29;57.16;Bajo
22;5.1;3.66;6.3;9.83;81.11;8.13;52.19;Bajo
22;4.89;3.35;6.95;6.87;89.4;7.49;52.37;Bajo
22;4.58;4.46;4.23;6.57;84.98;8.63;57.82;Bajo
22;3.21;5.53;6.8;1.87;72.88;5.38;51.91;Bajo
22;4.06;5.5;5.86;0;83.11;6.03;54.21;Bajo
22;2.43;4.97;4.16;8.36;75.2;2.73;54.91;Bajo
22;2.65;4.83;1.87;0.73;75.42;4.64;40.27;Bajo
22;2.19;6.03;5.3;9.05;69.8;2.96;58.24;Bajo
22;2.69;6.59;5.17;11.14;72.19;3.34;48.87;Bajo
22;3.61;4.39;3.59;12.39;79.75;6.83;63.1;Bajo
22;2.99;5.29;5.02;11.11;71.27;4.03;50.87;Bajo
22;1.08;6.92;7;4.8;62.06;1;60.82;Bajo
22;2.88;6.24;4.89;11.04;78.1;2.84;65.11;Bajo
22;3.84;5.41;3.82;3.98;87.46;6.3;49.02;Bajo
22;1.7;5.9;3.29;0;74.16;2.19;57.71;Bajo
22;2.51;8.04;4.25;14.46;75.69;2.68;53.46;Bajo
22;5.36;5.74;7.42;10.86;87.03;7.66;61.9;Bajo
22;4.13;4.84;6.08;6.07;75.79;7.06;67.98;Bajo
22;4.56;4.82;6.58;5.1;64.3;6.83;63.07;Bajo
22;3.48;4.44;6.22;0;76.71;3.93;54.19;Bajo
22;5.91;3.09;5.01;6.89;88.73;7.94;69.77;Bajo
22;3.92;5.28;2.76;2.9;76.4;6.19;70.08;Bajo
22;2.26;4.94;6.78;2.7;74.43;2.82;61.89;Bajo
22;3.22;6.55;3.03;10.72;75.22;4.02;60.28;Bajo
22;3.13;6.45;7.77;6.7;74.24;4.46;56.36;Bajo
22;1.47;7.53;5.13;0;71.97;2.49;64.31;Bajo
22;2.18;6.27;3.26;12.91;69.52;1.92;70.17;Bajo
22;3.48;7.54;3.41;0.29;80.61;4.12;61.74;Medio
22;5.18;4.14;8.46;19.67;81.97;8.03;58.37;Medio
22;5.03;6.1;6.85;10.1;84.11;5.31;57.89;Medio
22;6.57;5.86;5.33;5.04;87.11;7.15;52.34;Medio
22;3;5.22;3.54;14.35;79.51;3.97;67.81;Medio
22;4.18;4.71;5.85;0;84.18;4.17;61.68;Medio
22;4.22;5.82;4.1;5.36;80.64;3.77;58.99;Medio
22;4.56;6.34;1.08;6.81;87.27;4.76;59.97;Medio
22;4.51;6.73;6.19;10.51;77.26;5.83;59.41;Medio
22;4.49;7.51;5.82;13.09;72.52;4.45;63.05;Medio
22;4.95;6.17;3.48;7.9;88.91;6.64;51.55;Medio
22;5.4;7.16;4.13;5.08;85.98;5.15;58.74;Medio
22;3.68;6.81;6.23;7.32;87.83;3.74;60.41;Medio
22;5.87;6.34;5.05;20.8;90.77;8.24;63.29;Medio
22;6.02;4.96;5.13;1.49;97.06;7.63;63.13;Medio
22;1.82;6.33;4.49;2.13;68.5;2;68.35;Medio
22;5.24;6.88;7.87;3.97;76.97;5.83;63.17;Medio
22;6.41;5.58;2.79;0;86.9;9.09;75.4;Medio
22;5.22;7.64;1.87;4.99;85.16;5.1;68.08;Medio
22;5.3;5.17;4.6;5.16;88.97;6.84;69.78;Medio
22;4.42;4.87;4.26;10.38;91.18;6.21;69.61;Medio
22;3.38;5.59;5.46;4.71;80.34;4.76;68.51;Medio
22;1.63;7.45;3.6;0;70.73;1;69.4;Medio
22;3.94;7.71;2.85;13.38;75.34;3.63;66.93;Medio
22;4.33;7.4;6.41;14.89;80.51;3.1;68.4;Medio
22;4.52;8.88;8.73;5.74;85.35;3.5;68.11;Medio
22;4.23;7.77;5.33;6.28;87.94;3.45;64.18;Medio
22;3.05;5.73;2.31;1.7;77.11;5.11;62.55;Medio
22;3.39;6.05;4.93;14.62;68.8;3.6;61.3;Medio
22;4.67;6.91;3;6.23;84.07;4.52;70.11;Medio
22;5.62;5.42;3.02;0;91.52;7.4;73.95;Medio
22;3.16;7.02;10.36;6.88;78.03;3.45;72.24;Medio
22;2.95;6.28;1;3.74;75.52;2.3;67.59;Medio
22;3.55;8.37;5.43;10.07;76.91;3.17;68.12;Medio
22;3.13;7.19;2.8;12.77;72.47;1.94;70.62;Medio
22;5.55;5;2.94;1.11;78.78;7.58;72.79;Alto
22;3.76;7.54;9.8;0;81.59;2.12;75.55;Alto
22;4.82;7.63;5.93;9.17;82.97;3.73;73.95;Alto
22;3.55;6.48;2.15;0.51;76.06;3.3;74.93;Alto
22;4.25;7.56;3.52;13.59;82.21;3.86;69.43;Alto
22;5.03;7.56;3.15;18.53;83.73;4.83;73.7;Alto
22;4.39;7.34;5.42;4.8;83.08;2.52;75.3;Alto
22;5.6;5.9;5.48;7.47;87.41;6.13;65.98;Alto
22;4.13;8.84;6.45;6.03;78.98;3.54;65.19;Alto
22;4.95;6.52;3.89;10.69;75.68;4.83;72.73;Alto
22;4.67;6.54;2.12;9.99;83.39;4.93;80.89;Alto
22;3.38;7.57;3.07;1.48;79.48;3.14;60.98;Alto
22;6.02;7.6;3.66;0;91.1;6.53;69.31;Alto
22;3.82;7.31;2.82;21;80.04;4.3;71.24;Alto
22;3.07;7.69;2.95;19.17;76.72;2.6;75.68;Alto
22;5.67;7.39;8.95;2.49;85.82;6.13;68.26;Alto
22;4.69;5.85;3.28;13.15;87.64;4.36;81.62;Alto
22;4.58;6;3.57;2.65;82.19;4.87;76.39;Alto
22;3.92;8.5;5.26;0;74.79;2.03;83.27;Alto
22;3.67;6.92;3.33;17.76;68.8;3.56;78.01;Alto
22;3.16;7.92;5.23;10.81;77.52;2.13;71.94;Alto
22;4.28;9.3;4.45;0;87.63;1.7;81.18;Alto
22;3.26;7.57;4.16;3.41;75.65;1.63;75.29;Alto
22;2.73;8.49;5.04;10.93;72.54;1.22;75.72;Alto
22;6.21;8.82;1.04;0.57;91.55;5.29;77.07;Alto
22;5.69;7.6;2.69;6.45;94.45;5.68;75.66;Alto
22;4.62;6.12;4.93;11.64;84.6;5.7;69.06;Alto
22;5.88;5.42;5.37;6.98;88.34;6.65;82.67;Alto
22;5.03;7.53;9.61;11.67;89.59;2.84;73.77;Alto
22;4.2;8.78;4.56;0;79.23;2.64;67.79;Alto
22;6.22;9.12;7.66;3.93;88.17;4.39;70.81;Alto
22;4.31;7.48;6.32;0;77.72;2.65;75.78;Alto
22;4.58;7.34;4.81;10.97;87.38;2.9;78.36;Alto
22;5.25;8.85;1.97;1.47;82.82;3.15;89.95;Alto
22;2.67;9.18;6.83;11.82;76.69;1;82.31;Alto
22;4.56;6.92;4.46;3.38;80.94;4.25;81.55;Alto
22;5.6;7.24;4.63;6.36;85.96;5.07;80.63;Alto
22;4.5;6.86;3.28;1.89;91.2;4.28;83.85;Alto
22;7.19;7.42;5.11;12.98;95.53;6.37;82.05;Alto
22;4.63;7.75;7.18;1.15;85.64;1.67;81.76;Alto
22;6.85;8.45;3.84;12.67;92.57;3.53;77.75;Alto
23;2.42;3;5.82;2.16;73.95;6.62;46.26;Bajo
23;3.87;4.11;2.81;12.8;74.78;9.74;36.22;Bajo
23;2.62;6.07;3.42;11.27;77.74;4.14;51.47;Bajo
23;2.01;4.56;2.54;9.55;69.35;5.08;45.71;Bajo
23;3.72;5.69;2.98;14.42;77.9;5.74;54.48;Bajo
23;2.81;6.15;5.44;5.49;68.04;3.49;47.82;Bajo
23;1.08;6.37;4.2;9.59;59.34;2.03;50.62;Bajo
23;0.89;8.42;7.13;14.3;58.84;1;54.54;Bajo
23;2.8;6.57;7.44;7.73;65.27;4.7;43.63;Bajo
23;3.24;6.64;8.14;6.92;80.24;4.05;58.48;Bajo
23;0.68;7.65;4.64;0;71.44;1;56.73;Bajo
23;1.89;5.5;3.31;7.68;60.85;4.12;48.38;Bajo
23;1.76;5.26;1.35;4.37;61.72;3.29;50.36;Bajo
23;4.74;4.89;8.16;0;81.5;6.98;47.54;Bajo
23;4.93;4.4;3.24;0.92;89.08;8.12;45.66;Bajo
23;3.27;5.37;1.72;5.11;73.58;7.41;58.31;Bajo
23;2.74;5.94;8.38;1.52;74.32;4.74;61.48;Bajo
23;3.47;4.5;3.13;10.1;75.06;6;54.27;Bajo
23;4.45;6.29;5.91;14.04;89.41;6.97;62.4;Bajo
23;4.07;6.3;4.88;2.1;80.34;4.52;55.33;Bajo
23;5.64;5.41;4.65;21;96.84;8.92;54.18;Bajo
23;4.24;6.04;3.72;6.73;84.52;6.1;63.93;Bajo
23;2.73;5.67;4.79;2.56;71.99;3.89;63.45;Bajo
23;3.41;5.92;4.63;5.64;82.57;3.81;64.87;Bajo
23;2.68;5.31;2.4;4.49;65.35;4.01;64.86;Bajo
23;5.3;5.79;8.12;1.44;91.01;7.96;60.89;Bajo
23;3.83;4.77;2.98;5.94;76.44;5.04;59.42;Bajo
23;2.84;6.19;6.04;7.41;70.37;2.85;60.95;Bajo
23;1.18;7.06;5.27;2.47;67.8;3.36;53.38;Bajo
23;2.48;6.68;3.71;5.02;64.75;3.17;60.18;Bajo
23;2.65;6.76;6.31;3.19;69.02;1.92;63.95;Bajo
23;4.13;6.64;1;7.67;83.49;6.55;58.87;Bajo
23;4.87;3.45;6.03;8.6;80.74;8.9;57.21;Bajo
23;5.31;5.03;3.78;6.25;93.66;8.15;60.07;Bajo
23;2.77;6.24;1.66;8;76.35;3.3;57.73;Bajo
23;1.68;7.4;7.21;3.59;71.88;1.61;69.58;Bajo
23;4.64;5.46;5.29;9.85;83.09;4.73;60.56;Bajo
23;4.55;4.4;4.35;8.25;91.17;4.15;64.24;Bajo
23;2.58;5.08;6.06;6.07;70.61;4.19;62.75;Bajo
23;2.08;8.26;3.49;6.59;78.06;2.45;63.61;Medio
23;4.27;5.94;8.28;13.04;82.26;7.2;68.49;Medio
23;2.71;7.52;2.77;3.71;69.33;4.21;58.83;Medio
23;2.73;6.82;5.54;13.51;73.62;4.18;73.32;Medio
23;5.7;6.61;1;5.05;84.97;5.8;71.03;Medio
23;2.23;7.26;3.16;16.89;76.18;3.5;69.56;Medio
23;3.75;5.15;4.14;14.61;79.91;4.05;63.13;Medio
23;4.38;5.35;2.44;0;87.33;5.96;67.48;Medio
23;4.42;6.65;4.38;7.03;81.13;4.52;68.51;Medio
23;2.01;5.92;5.58;0;63.93;2.72;62.29;Medio
23;6.92;4.39;5.86;11.79;96.13;8.56;68.65;Medio
23;5.05;5.44;3.79;12.89;88.57;7.28;70.48;Medio
23;3.34;7.53;5.02;7;81.49;2.81;54.46;Medio
23;4.78;5.83;8.24;8.41;76.59;3.98;70.01;Medio
23;5.06;5.95;5.88;6.71;90.3;6.89;64.85;Medio
23;3.97;5.52;1;1.03;81.82;6.03;62.73;Medio
23;6.58;5.28;2.29;5.6;92.99;8.86;63.29;Medio
23;4.7;6.79;7.23;13.34;84.92;6.65;66.59;Medio
23;4.64;7.52;1.07;5.74;83.14;4.63;63.54;Medio
23;6.42;6.06;4.84;10.08;91.57;6.76;77.48;Medio
23;2.03;9.21;3.69;12.44;74.89;1;62.84;Medio
23;3.86;5.89;5.94;10.97;74.52;5.85;68.87;Medio
23;3.39;6.82;5.97;11.01;77.16;4.54;59.39;Medio
23;2.63;6.47;7.66;2.99;72.61;1.81;58.45;Medio
23;3.51;6.25;5.35;5.81;79.02;4.12;61.17;Medio
23;5.42;7.1;3.42;12.97;85.62;5.94;71.38;Medio
23;4.16;5.57;5.91;4.4;81.25;4.48;64.63;Medio
23;3.12;4.75;2.48;5.11;70.84;4.41;72.39;Medio
23;4.71;6.69;5.08;13.82;80.44;4.47;67.14;Medio
23;4.14;6.84;9.23;2.67;81.24;4.93;65.86;Medio
23;2.7;6.83;3.71;11.68;72.25;2.79;77.38;Medio
23;5.34;6.78;4.26;13.15;93.12;6.36;72.35;Medio
23;7;6.87;3.56;17.08;95.66;7.21;67.67;Medio
23;3.27;7.41;3.11;11.9;78.05;2.19;73.64;Medio
23;4.21;6.6;4.92;6.99;79.96;4.77;79.52;Medio
23;3.67;7.04;4.64;4.48;81.96;3.88;59.91;Medio
23;4.15;8.37;3.77;7.14;86.03;3.32;70.74;Medio
23;4.28;6.63;3.74;3.77;72.45;5.2;71.01;Medio
23;3.82;6.34;5.02;7.23;86.47;3.23;63.8;Medio
23;4.69;6.13;6.72;9.88;78.29;4.6;70.39;Medio
23;6.38;6.08;6.77;8.5;91.29;8.35;64.9;Medio
23;3.65;6.68;3.01;2.53;81.22;2.47;66.81;Medio
23;5.88;6.55;5.15;5.69;86.32;6.09;58.46;Medio
23;4.48;7.12;2.13;0;75.87;5.7;71.12;Medio
23;5.42;6.54;4.76;9.93;82.63;6.67;64.54;Alto
23;5.64;6.55;5.55;7.79;80.8;5.97;81.9;Alto
23;4.17;6.53;7.57;12.66;84.3;5.38;75.4;Alto
23;5.19;6.71;4.16;2.45;83.66;4.99;66.91;Alto
23;4.47;6.88;3.96;10.91;88.06;3.86;80.32;Alto
23;5.86;5.98;6.75;5.47;96.58;7.05;61.64;Alto
23;4.04;8.24;2.28;4.36;85.92;2.58;73.3;Alto
23;5.43;5.26;4.2;0;84.91;7.57;72.96;Alto
23;4.41;7.37;3.92;12.78;75.98;3.83;72;Alto
23;4.18;7.39;4.13;0;72.16;2;65.22;Alto
23;4.77;6.45;3.22;7.41;85.91;5.74;66.78;Alto
23;4.82;8.03;6.05;12.28;92.18;4.28;70.53;Alto
23;4.35;6.63;5.61;6.14;88.69;4.81;75.15;Alto
23;4.46;7.46;7.12;10.22;84.3;4.03;72.25;Alto
23;4.84;7.74;5.53;3.34;80.34;2.25;73.83;Alto
23;3.99;7.39;2.84;8.74;79.99;2.73;72.88;Alto
23;4.96;8.07;6.77;6.87;94.45;5.39;79.27;Alto
23;4.93;7.98;8.94;0.06;83.66;3.6;79.71;Alto
23;3.87;7.39;6.93;5.26;81.74;2.2;76.26;Alto
23;5.09;8.46;7.11;0.42;77.67;3.15;82.29;Alto
23;4.65;7.15;10.37;0;84.65;4.95;76.89;Alto
23;5.07;7.54;6.9;7;80.28;3.6;80.87;Alto
23;5.27;7.29;6.74;0;84.01;4.27;85.47;Alto
23;4.56;8.25;3.52;0;91.65;2.72;78.13;Alto
23;5.83;9.26;7.19;6.05;88.3;4.66;90.79;Alto
24;3.19;3.39;5.02;2.52;69.4;7.38;40.11;Bajo
24;2.97;5.9;6.12;11.64;80.02;5.41;50.61;Bajo
24;2.7;4.79;6.73;0.43;64.75;5.54;45.48;Bajo
24;0.7;5.29;1.53;8.83;63.27;3.17;39.94;Bajo
24;4.13;5.73;7.75;0.97;73.86;6.68;46.91;Bajo
24;1.31;5.04;7.58;1.42;66.13;3.24;44.95;Bajo
24;2.14;5.7;1.55;7.78;69.55;3.98;56.38;Bajo
24;1.31;7.3;6.59;1.97;66.5;1.32;56.83;Bajo
24;5.74;4.04;1;0;82.52;8.68;50.57;Bajo
24;3.31;6.21;5.92;6.57;79.73;4.19;46.6;Bajo
24;3.22;4.84;7.61;7.44;73.47;6.69;51.47;Bajo
24;0.57;6.93;3.19;7.66;61.59;1;57.86;Bajo
24;1.47;5.72;5.31;1.05;72.49;3.02;54.75;Bajo
24;4.34;6.05;1.38;5.33;80;5.83;48.92;Bajo
24;3.85;5.16;3.27;11.08;78.67;6.92;63.53;Bajo
24;1.67;5.26;6.4;5.63;70.93;2.97;58.92;Bajo
24;3.07;5.2;4.88;16.18;81.9;4.35;52.62;Bajo
24;1.83;5.93;4.51;17.89;72.01;1.41;57.87;Bajo
24;2.72;6.64;8.66;12.14;69.46;4.3;58.55;Bajo
24;2.71;6.61;6.23;3.03;69.38;4.48;65.17;Bajo
24;4.25;5.66;2.97;6.11;84.32;5.7;63.53;Bajo
24;4.6;5.26;4.23;12.64;82.95;7.12;69.63;Bajo
24;3.28;6.21;7.63;0;71.1;5.67;64.45;Bajo
24;2.64;5.33;3.14;1.94;69.27;4.86;58.16;Bajo
24;1.57;6.65;4.67;7.61;74.56;3.25;57.87;Bajo
24;3.41;5.3;2.92;17.99;77.38;5.31;59.5;Bajo
24;4.55;5.18;4.14;11.37;90.07;6.92;60.01;Bajo
24;2.5;5.5;4.61;7.17;73.66;3.06;59.66;Bajo
24;3.98;5.71;5.64;2.32;83.34;6.04;69.05;Bajo
24;4.66;5.31;6.35;16.47;82.08;7.42;52.67;Bajo
24;4.46;6.19;6.42;10.5;89.23;5.95;69;Bajo
24;3.75;6.44;6.82;0.83;84.52;5.6;58.98;Medio
24;4.33;6.87;8.41;11.43;76.53;5.32;63.46;Medio
24;1.52;6.66;6.25;15.93;69.85;1;59.22;Medio
24;3.01;4.68;4.23;0.8;75.72;4.61;69.53;Medio
24;3.91;6.05;3.2;8.97;79.58;4.29;66.73;Medio
24;6.53;6.17;5.98;5.85;84;7.72;50.09;Medio
24;3.77;4.71;3.94;9.44;76.02;4.66;60.32;Medio
24;3.11;6.35;1.37;9.66;81.47;2.83;61.89;Medio
24;4.9;4.95;6.78;5.95;79.45;7.19;55.45;Medio
24;2.22;6.66;6.57;6.04;79.48;1.41;56.04;Medio
24;2.95;6.26;7.16;4.28;62.17;2.86;65.62;Medio
24;2.6;6.28;6.25;12.33;75.32;3.15;66.88;Medio
24;1.79;8.43;6.29;6.36;73.17;1.7;62.54;Medio
24;2.1;8.93;2.81;10.68;75.21;1;63.18;Medio
24;4.58;6.2;3.02;0;91.91;5.68;73.96;Medio
24;3.52;6.22;6.72;12.5;79.09;3.8;65.51;Medio
24;4.1;8.4;1.67;4.59;81.66;3.44;70.05;Medio
24;2.8;5.67;9.51;8.24;78.38;5.45;66.34;Medio
24;4.88;6.31;5.85;10.27;80.51;4.92;58.82;Medio
24;2.87;6.74;1.25;1.87;77.68;3.06;69.2;Medio
24;4.05;6.24;7.32;12.11;82.46;4.9;70.25;Medio
24;3.23;7.47;7.25;5.88;78.65;2.81;65.3;Medio
24;4.04;6.11;5.26;3.86;73.84;5.41;68.7;Medio
24;3.55;6.88;7.24;7.39;77.67;3.79;72.1;Medio
24;2.26;7.64;3.14;7.67;63.02;1.25;68.29;Medio
24;4.06;5.97;5.4;1.35;80.18;5.61;63.49;Medio
24;3.26;9.54;2.64;0;76.77;1;72.44;Medio
24;4.98;5.36;5.13;6.09;87.57;6.98;63.97;Medio
24;4.48;7.44;6.65;1.81;85.75;5.26;73.11;Medio
24;4.47;7.2;5.1;10.52;82.12;4.61;66.87;Medio
24;4.78;5.34;3.95;6.55;86.32;4.88;63.62;Medio
24;3.84;7.28;3.42;10.08;79.01;4.46;61.37;Medio
24;2.96;7.14;7.04;0;78.68;1.27;73.25;Medio
24;5.81;8.53;4.16;21;86.16;6.46;65.81;Medio
24;2.75;9.48;3.92;0;79.85;2.25;69.61;Medio
24;4.73;6.7;3.1;7.98;74.62;5.22;72.54;Medio
24;4.21;7.04;3.52;11.73;81.94;4.19;60.67;Medio
24;4.81;8.1;5.12;7.4;90.25;4.49;72.16;Medio
24;3.14;8.12;8.3;8.03;67.38;1;63.65;Alto
24;6.53;5.42;3.4;19.38;83.4;7.26;78.88;Alto
24;6.32;6.55;7.39;0;83.84;8.17;70.27;Alto
24;4.34;7.93;4.66;3.56;81.69;2.64;70.3;Alto
24;5.96;6.69;4.79;0;92.11;6.99;72.22;Alto
24;3.82;8.35;2.65;8.61;77.41;2.35;74.45;Alto
24;5.04;7.38;5.48;12.23;78.48;4.47;78.08;Alto
24;3.45;7.74;4.98;13.13;77.03;1.66;71.77;Alto
24;5.18;6.95;8.25;9.55;73.51;5.01;62.89;Alto
24;3.56;5.76;7.29;2.03;80.84;3.42;69.02;Alto
24;3.79;6.78;3.99;6.35;74.16;3.16;75.78;Alto
24;6.37;3.9;6.6;2.97;88.12;10;74.33;Alto
24;3.25;7.62;6.93;3.91;74.69;2.66;72.69;Alto
24;5.79;6.7;4.46;0;86.68;6.66;84.05;Alto
24;3.78;7.11;6.47;19.57;70.91;4.03;66.22;Alto
24;4.5;6.78;4.21;12.72;81.41;3.83;74.69;Alto
24;2.79;8.45;5.53;21;71.46;1.77;80.12;Alto
24;5.26;8;8.87;8.25;90.14;3.06;82.93;Alto
24;4.74;6.62;2.22;15.29;83.87;4.99;81.57;Alto
24;7.06;6.74;6.41;13.46;90.25;6.79;71.77;Alto
24;3.93;6.36;6;21;78.52;4.65;63.42;Alto
24;4.22;7.69;2.6;3.31;82.48;4.06;75.29;Alto
24;4.49;6.31;4;11.26;80.43;3.7;72.18;Alto
24;2.34;8.57;3.98;8.23;70.57;1;80.95;Alto
24;7.3;6.69;5.07;2.69;90.59;7.04;83.41;Alto
24;5.3;7.54;8.74;2.1;85.28;5.05;75.27;Alto
24;2.78;7.65;2.37;9.88;77.73;2.14;76.44;Alto
24;5.59;7.31;2.99;4.84;86.87;4.03;78.59;Alto
24;5.16;7.47;4.13;11.48;94.84;5.65;82.51;Alto
24;5.82;7.18;7.28;5.54;78.96;5.09;79.15;Alto
24;3.52;7.71;9.67;13.48;76.39;2;87.35;Alto
24;5.2;8.29;5.35;1.12;83.32;2.96;80.28;Alto
24;4.17;8;4.52;5.6;82.75;3.9;75.27;Alto
24;5.97;8.5;1;5.14;91.87;5.6;75.52;Alto
24;6.43;7.1;3.18;0;83.72;7;81.08;Alto
24;5.8;7.33;7.63;13.67;89.31;5.22;81.38;Alto
24;5.72;8.76;2.62;11.52;92.34;3.58;79.17;Alto
24;4.61;8.36;3.71;7.73;85.51;2.69;79.38;Alto
24;4.4;8.11;2.23;8.91;83.27;2.38;77.07;Alto
24;8.01;6.77;7.07;1.8;98.26;6.48;85.31;Alto
24;5.54;9.41;4.7;7.5;87.76;1.91;77.77;Alto
24;5.41;7.66;5.62;0.21;87.03;2.03;87.09;Alto
24;4.64;8.34;3.28;3.59;76.75;1;84.53;Alto
25;0.5;4.51;5.73;2.89;61.36;1.38;40.9;Bajo
25;3.98;3;5.4;6.98;88.11;8.74;42.3;Bajo
25;3.46;3.85;5.22;10.8;79.41;8.7;43.19;Bajo
25;1.05;5.37;5.76;0;74.63;3.32;43.38;Bajo
25;5.02;4.91;5.81;10.32;92.5;9.66;48.89;Bajo
25;2.35;7;7.95;11.44;70.23;3.32;41.32;Bajo
25;0.5;5.76;1;5.19;57.37;2.63;59.48;Bajo
25;4.84;4.07;5.87;13.97;74.98;9.14;48.99;Bajo
25;4.43;5.65;8.15;17.88;80.68;7.19;57.25;Bajo
25;2.06;5.68;9.02;8.38;75.36;3.81;44.24;Bajo
25;4.22;4.98;6.29;13.21;85.77;7.89;55.72;Bajo
25;3.6;5.21;8.59;8.07;78.19;5.14;60.37;Bajo
25;3.18;6.05;3.49;10.07;65.47;3.81;53.3;Bajo
25;3.79;4.82;8.33;10.44;77.34;7.84;58.03;Bajo
25;3.68;6.6;4.01;8.36;76.05;3.66;51.32;Bajo
25;0.98;6.51;7.17;3.54;60.81;1.51;49.53;Bajo
25;2.7;5.95;6.27;0;68.52;3.21;61.11;Bajo
25;2.39;6.92;6.11;9.82;85.36;2.95;52.73;Bajo
25;3.31;4.81;5.33;0.57;74.07;5.74;58.41;Bajo
25;2.67;5.74;5.84;4.24;75.21;2.73;65.9;Bajo
25;1.71;5.21;5.58;10.45;65.24;2.76;63.19;Bajo
25;2.89;5.69;8.39;9.94;71.46;4.53;58.05;Bajo
25;2.02;4.82;7;6.31;66.29;4.57;62.1;Bajo
25;6.03;4.38;5.9;2.52;93.85;8.56;56.21;Bajo
25;3.97;5.19;7.29;8.36;89.47;7.17;62.65;Bajo
25;2.07;5.34;5.11;5.45;75.29;4.03;48.83;Bajo
25;0.76;6.91;7.56;4.37;66.66;2.21;57.32;Bajo
25;2.59;5.82;4.1;3.47;70.36;4.87;63.43;Bajo
25;4.1;5.19;5.44;4.87;71.86;4.13;57.11;Bajo
25;3.11;6.02;4.87;0;73.91;3.91;61.34;Bajo
25;1.93;8.32;5.22;9.07;65.67;1;60.57;Bajo
25;2.79;5.55;3.34;6.74;65.19;5.21;64.62;Bajo
25;5.92;6.13;6.13;8.74;89.51;8.39;59.25;Bajo
25;2.22;4.77;5.96;6.49;77.51;3.32;65.75;Bajo
25;3.98;6.62;4.62;10.96;84.52;3.76;59.88;Bajo
25;1.65;6.33;5.92;8.67;70.67;2.95;56.02;Bajo
25;3.58;6.24;5.45;2.44;72.55;4.48;57.88;Bajo
25;4.23;5.02;5.91;5.1;80.9;5.69;61.22;Bajo
25;3.75;6.64;1.76;5.6;74.74;4.19;57.82;Bajo
25;2.72;6.77;4.34;6.23;76.21;3.96;57.39;Bajo
25;3.97;3.71;2.51;5.8;85.02;6.65;63.98;Medio
25;5.64;4.74;4.45;0;85.31;7.79;62.19;Medio
25;5.6;5.84;2.99;7.99;84.87;5.59;58.32;Medio
25;3.63;7.58;3.87;4.5;79.48;1.34;70.47;Medio
25;0.5;7.2;3.89;2.2;67.39;1;68.34;Medio
25;1.78;6.84;4.23;1.6;69.67;3.36;65.22;Medio
25;1.59;6.74;2.72;3.26;66.4;1.38;57.77;Medio
25;5.4;6.91;3.74;5.5;84.5;6.84;69.61;Medio
25;4.39;6.15;6.81;9.01;85.55;4.82;64.99;Medio
25;4.28;7.51;5.11;7.32;83.66;4.83;64.97;Medio
25;2.99;5.87;4.06;3.96;68.94;3.2;60.84;Medio
25;3.1;7.21;1;8.3;76.55;2.26;55.87;Medio
25;2.86;6.45;5.24;0;72.63;4.23;58.28;Medio
25;4.84;6.26;7.9;7.13;82.01;5.41;72.95;Medio
25;5.52;6.91;3.75;8.51;88.57;6.58;65.84;Medio
25;1.75;7.77;6.26;6.55;70.24;1;72.16;Medio
25;4.55;6.01;4.59;8.41;79.71;5.4;65.98;Medio
25;3.46;5.52;6.47;14.9;82.58;5.8;59.86;Medio
25;6.1;6.66;7.66;5.89;87.33;7.35;58.78;Medio
25;4.87;5.97;5.02;0;82.96;6.55;60.92;Medio
25;3.89;5.5;6.58;1.47;93.45;4.27;77.29;Medio
25;1.96;8.14;6.89;4.85;66.63;1;65.64;Medio
25;5.22;6.54;1;6.84;92.27;5.02;59.79;Medio
25;2.42;8.85;4.82;6.83;64.75;1.15;70.59;Medio
25;3.54;7.41;6;1.59;75.76;5.51;68.47;Medio
25;4.27;7.34;7.36;1.32;77.51;4.51;69.71;Medio
25;4.2;8.06;5.64;8.3;83.69;4.96;60.53;Medio
25;4.74;6.51;7.23;0;95.93;4.42;74.16;Alto
25;5.81;6.89;3.8;0;89.43;6.46;68.79;Alto
25;4.86;8.25;2.29;7.22;79.39;2.46;62.64;Alto
25;4.79;8.03;3.58;0;85.34;3.04;81.85;Alto
25;2.31;7.53;7.97;3.4;68.18;1.66;83.58;Alto
25;4.34;5.5;7.89;5.17;75.68;4.91;66.15;Alto
25;5.15;5.34;2.83;12.23;80.69;4.62;73.41;Alto
25;3.89;6.7;4.38;7.88;82.01;4.25;73.96;Alto
25;5.68;6.92;7.79;5.07;88.16;6.47;69.4;Alto
25;3.59;6.93;5.82;0;88.86;2.64;62.11;Alto
25;5.5;7.09;5.85;0;83.55;4.26;75.33;Alto
25;4.79;7.28;3.04;5.65;83.63;5.01;68.11;Alto
25;5.9;6.66;4.22;3.83;94.38;6.48;72.67;Alto
25;4.28;8.43;4.64;0;74.57;2.8;80.52;Alto
25;4.11;8.24;5.81;1.04;86.51;2.72;69.23;Alto
25;3.87;6.67;4.84;8.4;76.97;2.3;77.87;Alto
25;4.07;7.85;4.06;0.3;78.99;3.1;76.02;Alto
25;2.48;8.12;3.36;6.28;71.41;1.49;74.1;Alto
25;4.36;6.81;5.09;8.43;75.12;4.58;66.26;Alto
25;5.21;7.46;7.54;10.21;90;4.55;74.9;Alto
25;6.15;8.03;7.9;11.72;83.58;3.73;75.99;Alto
25;5.61;7.02;6.6;9.14;86.02;6.17;77.54;Alto
25;3.83;8.75;1.78;0;79.31;3.74;77.44;Alto
25;5.61;6.91;5.67;9.01;94.15;6.07;65.13;Alto
25;5.79;6.49;4.93;0;84.81;6.06;69.88;Alto
25;4.65;6.51;3.11;3.22;81.38;4.16;80.39;Alto
25;5.31;6.39;4.25;8.98;87.54;5.21;78.24;Alto
25;4.8;8.21;7.01;0;86.98;3.78;80.11;Alto
25;4.93;8.49;6.25;12.51;86.13;3.21;87.54;Alto
25;6.79;6;3.2;8.15;100;6.79;78.69;Alto
25;4.79;6.82;6.57;13.79;88.02;4.07;79.75;Alto
25;6.59;8.14;6.44;16.02;94.92;5.13;91.75;Alto
25;7.7;6.21;4.73;0;94.68;8.38;84.36;Alto
25;4.87;8.25;4.95;0;88.87;2.3;85.85;Alto
25;5.18;9.13;7.92;7.85;87.13;2.53;85.8;Alto
